SKU,Product,Location,Unit Price,Current stock,Current Stock Value (By purchase price),Current Stock Value (By sale price),Potential profit,Total unit sold,Total Unit Transfered,Total Unit Adjusted
1091,AUTOMATIC HAND DRYER,BILAL TRADERS LH,4480,4,12800,17920,5120,0,0,0
1092,BALL COCK (COMMODE),BILAL TRADERS LH,120,10,900,1200,300,12,0,0
1093,"BALL COCK 1"" SHAHID",BILAL TRADERS LH,460,59,22479,27140,4661,0,0,0
1094,"BALL COCK 1/2"" SHAHID",BILAL TRADERS LH,348.75,42,12726,14647.5,1921.5,18,0,0
1095,"BALL COCK 3/4"" SHAHID",BILAL TRADERS LH,386.25,24,8040,9270,1230,18,0,0
1096,BALL VALVE UNION 25 MM,BILAL TRADERS LH,820,10,6700,8200,1500,0,0,0
1097,BALL VALVE UNION 32 MM,BILAL TRADERS LH,820,10,6700,8200,1500,0,0,0
1098,BASIN MIXTURE NEELAM,BILAL TRADERS LH,1780,13,20800,23140,2340,2,0,0
1099,BASIN MIXTURE VIVA,BILAL TRADERS LH,1700,1,1590,1700,110,0,0,0
1100,BASIN MIXTURE MASTER,BILAL TRADERS LH,1320,33,41920,43560,1640,17,0,0
1101,BASIN MIXTURE S. ASIA,BILAL TRADERS LH,1080,18,16480,19440,2960,0,0,0
1102,BASIN MIXTURE P. ASIA,BILAL TRADERS LH,1500,11,11770,16500,4730,0,0,0
1104,BASIN MIXTURE FAUCET,BILAL TRADERS LH,2310,2,3700,4620,920,0,0,0
1105,BASIN MIXTURE PEAK (COLOR),BILAL TRADERS LH,500,175,87500,87500,0,37,0,0
1106,BASIN MIXTURE PARAGON (COLOR),BILAL TRADERS LH,1018.75,65,51610,66218.75,14608.75,16,0,0
1107,BASIN MIXTURE TEHZEEB (COLOR),BILAL TRADERS LH,575,144,72524,82800,10276,37,0,0
1108,BASIN MIXTURE PEAK (CP),BILAL TRADERS LH,750,1,640,750,110,6,0,0
1109,BASIN MIXTURE CHINA,BILAL TRADERS LH,1400,8,9500,11200,1700,0,0,0
1110,BATH ACCESSARY SET ICON (CP AAM),BILAL TRADERS LH,810,22,13200,17820,4620,0,0,0
1111,BATH ACCESSORIES SET MORNING (COLOR),BILAL TRADERS LH,2400,16,35200,38400,3200,0,0,0
1112,BATH ACCESSORIES SET VIGO (COLOR),BILAL TRADERS LH,1800,37,57350,66600,9250,1,0,0
1114,BATH ACCESSORIES SET MASTER (COLOR),BILAL TRADERS LH,550,4,2000,2200,200,0,0,0
1115,BATH ACCESSORIES SET TAPSUN (COLOR),BILAL TRADERS LH,360,119,44610,42840,-1770,133,0,0
1116,BATH ACCESSORIES SET (CP PROFESSIONAL),BILAL TRADERS LH,1920,0,0,0,0,3,0,0
1117,BATH ACCESSORIES SET ICON (CP BHARI),BILAL TRADERS LH,780,7,5250,5460,210,0,0,0
1118,BATH ACCESSORIES SET TAPSUN (CP BHARI),BILAL TRADERS LH,1380,16,20000,22080,2080,0,0,0
1119,BATH ACCESSORIES SET (CP KING),BILAL TRADERS LH,2160,2,4000,4320,320,0,0,0
1120,BATH ACCESSORIES SET TAPSUN (CP AAM),,720,0,,0,0,0,0,0
1121,BATH ACCESSORIES SET (CP VICTORIA),BILAL TRADERS LH,2250,14,27700,31500,3800,0,0,0
1122,BIB COCK NEELAM,BILAL TRADERS LH,684,136,76760,93024,16264,35,0,0
1123,BIB COCK VIVA,BILAL TRADERS LH,530,4,2108,2120,12,0,0,0
1124,BIB COCK MASTER,BILAL TRADERS LH,510,187,77790,95370,17580,166,0,0
1125,BIB COCK S. ASIA,BILAL TRADERS LH,415,360,104250,149400,45150,42,0,0
1126,BIB COCK ILMAS,BILAL TRADERS LH,850,12,7800,10200,2400,0,0,0
1127,BIB COCK PARAGON (ABS COLOR),BILAL TRADERS LH,190,246,50430,46740,-3690,158,0,0
1128,BIB COCK PEAK (COLOR),BILAL TRADERS LH,140,122,15860,17080,1220,260,0,0
1129,BIB COCK TEHZEEB (COLOR),BILAL TRADERS LH,160,822,108720,131520,22800,400,0,0
1130,BIB COCK PEAK (BRASS BUSH COLOR),BILAL TRADERS LH,150,103,14935,15450,515,60,0,0
1131,BIB COCK UROOJ (COLOR),BILAL TRADERS LH,135,1,105,135,30,0,0,0
1132,BIB COCK PEAK (CP),BILAL TRADERS LH,165,28,4200,4620,420,72,0,0
1133,BIB COCK PARAGON (KS COLOR),BILAL TRADERS LH,260,52,11440,13520,2080,0,0,0
1134,BIB COCK (PLASTIC SPANDLE COLOR),BILAL TRADERS LH,40,330,11550,13200,1650,48,0,0
1135,BIB COCK (PVC PAKISTANI COLOR),BILAL TRADERS LH,60,852,38340,51120,12780,216,0,0
1136,"BLACK TAPE 1.5""",BILAL TRADERS LH,75,162,11502,12150,648,0,0,0
1137,"BLACK TAPE 2""",BILAL TRADERS LH,90,42,3696,3780,84,0,0,0
1138,BOLT KIT BELLO,BILAL TRADERS LH,53,188,10984,9964,-1020,84,0,0
1139,BOLT KIT DELUX,BILAL TRADERS LH,36,103,3296,3708,412,44,0,0
1140,BOLT KIT CAPTAN (BRASS NUT BHARI),BILAL TRADERS LH,120,124,12400,14880,2480,62,0,0
1141,BOLT KIT DELUX (BRASS NUT AAM),BILAL TRADERS LH,100,64,5248,6400,1152,32,0,0
1142,BOLT KIT (CARD MS),BILAL TRADERS LH,58,40,1920,2320,400,0,0,0
1143,BOLT KIT (CARD SS),BILAL TRADERS LH,108,161,14490,17388,2898,0,0,0
1144,CATCHER (CHORUS),BILAL TRADERS LH,6,732,3660,4392,732,0,0,0
1145,CATCHER (INDUS),BILAL TRADERS LH,6,738,3690,4428,738,0,0,0
1146,CATCHER (MASTER),BILAL TRADERS LH,6,1217,6085,7302,1217,10,0,0
1147,"CHAL NIPPLE 4""x1/2""",,240,0,,0,0,0,0,0
1148,"CHAL NIPPLE 4""x3/4""",,300,0,,0,0,0,0,0
1149,"CHAL NIPPLE 5""x1/2""",,360,0,,0,0,0,0,0
1150,"CHAL NIPPLE 5""x3/4""",BILAL TRADERS LH,360,1,300,360,60,0,0,0
1151,"CHAL NIPPLE 6""x1/2""",BILAL TRADERS LH,350,9,2592,3150,558,0,0,0
1152,"CHAL NIPPLE 6""x3/4""",BILAL TRADERS LH,435,5,1800,2175,375,0,0,0
1153,"CHECK VALVE KITZ (BHARI) 3/4""",BILAL TRADERS LH,350,12,3240,4200,960,0,0,0
1154,"CHECK VALVE RBS 1""",BILAL TRADERS LH,500,47,24910,23500,-1410,24,0,0
1155,"CHECK VALVE FLY 1""",BILAL TRADERS LH,660,15,9450,9900,450,10,0,0
1156,"CHECK VALVE KHALIL (KHARA) 1.5""",BILAL TRADERS LH,1600,3,4200,4800,600,0,0,0
1157,"CHECK VALVE KITZ (AAM) 1/2""",BILAL TRADERS LH,240,24,4320,5760,1440,0,0,0
1158,"CHECK VALVE FLY 1/2""",BILAL TRADERS LH,390,87,33060,33930,870,0,0,0
1159,"CHECK VALVE  RBS 1/2""",BILAL TRADERS LH,285,184,45448,52440,6992,14,0,0
1160,"CHECK VALVE KHALIL 2.5""",BILAL TRADERS LH,2000,1,1800,2000,200,0,0,0
1161,"CHECK VALVE KHALIL 3""",BILAL TRADERS LH,2500,3,6600,7500,900,0,0,0
1162,"CHECK VALVE FLY 3/4""",BILAL TRADERS LH,480,37,16280,17760,1480,20,0,0
1163,"CHECK VALVE RBS 3/4""",BILAL TRADERS LH,337.5,96,28128,32400,4272,49,0,0
1164,"CHECK VALVE KHALIL (KHARA) 3/4""",BILAL TRADERS LH,500,27,11664,13500,1836,12,0,0
1165,"CHECK VALVE KHALIL (KHARA AAM) 1""",BILAL TRADERS LH,570,54,27810,30780,2970,0,0,0
1166,"CHECK VALVE KHALIL (KHARA) 1""",BILAL TRADERS LH,730,33,23100,24090,990,10,0,0
1167,"CHECK VALVE KHALIL (KHARA) 1.25""",BILAL TRADERS LH,1000,1,775,1000,225,0,0,0
1168,"CHECK VALVE KHALIL (KHARA) 1/2""",,355,0,,0,0,0,0,0
1169,"CHINA COCK 1/4""",BILAL TRADERS LH,80,204,8976,16320,7344,504,0,0
1170,CHUTKI NUT,BILAL TRADERS LH,650,4 BG,2880,2600,-280,2 BG,0 BG,0 BG
1171,FLOOR WASTE CLASSIC (COLOR),BILAL TRADERS LH,45,2011,76418,90495,14077,240,0,0
1172,"MIXTURE TUBE (CHABI COLOR) 18""",BILAL TRADERS LH,84,221,15470,18564,3094,0,0,0
1173,"MIXTURE TUBE (CHABI COLOR) 24""",BILAL TRADERS LH,90,569,44175,51210,7035,0,0,0
1174,"MIXTURE TUBE (CHABI COLOR) 36""",BILAL TRADERS LH,105,154,13244,16170,2926,0,0,0
1175,COLOR TUBE 1.25 METER MORNING (COLOR),BILAL TRADERS LH,225,198,42980,44550,1570,32,0,0
1176,COLOR TUBE 1.5 METER MORNING (COLOR),BILAL TRADERS LH,250,209,50850,52250,1400,44,0,0
1177,COLOR TUBE 1 METER MORNING (COLOR),BILAL TRADERS LH,185,443,94570,81955,-12615,287,0,0
1178,"COMMODE HANDLE 10""",BILAL TRADERS LH,260,58,12940,15080,2140,12,0,0
1179,"COMMODE HANDLE 12""",BILAL TRADERS LH,280,35,9100,9800,700,6,0,0
1180,"COMMODE HANDLE 8""",BILAL TRADERS LH,240,0,,0,0,0,0,0
1181,COMMODE KIT (CARD MS),BILAL TRADERS LH,27,116,3248,3132,-116,91,0,0
1182,COMMODE SEAT COVER IFO,BILAL TRADERS LH,420,125,43750,52500,8750,0,0,0
1183,COMMODE SEAT COVER AQUA,BILAL TRADERS LH,800,61,36600,48800,12200,0,0,0
1184,COMMODE SEAT COVER VIP PORTA,BILAL TRADERS LH,800,97,57600,77600,20000,50,0,0
1185,COMPLETE BATH SET PARAGON (COLOR),BILAL TRADERS LH,3750,77,264250,288750,24500,21,0,0
1186,COMPLETE BATH SET BUNTY LEVER NEELAM,BILAL TRADERS LH,9300,4,28500,37200,8700,0,0,0
1187,COMPLETE BATH SET CLASSIC DRONE LEVER WONDER,BILAL TRADERS LH,9700,1,7500,9700,2200,1,0,0
1188,COMPLETE BATH SET CROWN (CP),BILAL TRADERS LH,6500,1,4650,6500,1850,0,0,0
1189,COMPLETE BATH SET GROHI (CP),BILAL TRADERS LH,7200,7,40950,50400,9450,3,0,0
1190,COMPLETE BATH SET CRYSTAL NEELAM (CP),BILAL TRADERS LH,10080,1,7200,10080,2880,1,0,0
1191,COMPLETE BATH SET CRYSTAL HEAVY VIVA,BILAL TRADERS LH,7600,1,5800,7600,1800,0,0,0
1192,COMPLETE BATH SET DIAMOND NEELAM (CP),,6850,0,,0,0,0,0,0
1193,COMPLETE BATH SET DIAMOND HEAD VIVA,BILAL TRADERS LH,6900,2,10500,13800,3300,0,0,0
1194,COMPLETE BATH SET DRONE NEELAM (CP),BILAL TRADERS LH,9100,1,7000,9100,2100,3,0,0
1195,COMPLETE BATH SET DRONE LEVER TAPSUN,BILAL TRADERS LH,8900,4,33760,35600,1840,5,0,0
1196,COMPLETE BATH SET DRONE LEVER SMALL TAPSUN,BILAL TRADERS LH,8500,2,13000,17000,4000,0,0,0
1197,COMPLETE BATH SET F-1,BILAL TRADERS LH,7700,1,5850,7700,1850,0,0,0
1198,COMPLETE BATH SET F-10,,15600,0,,0,0,0,0,0
1199,COMPLETE BATH SET F-16,,8450,0,,0,0,0,0,0
1200,COMPLETE BATH SET F-3,BILAL TRADERS LH,8900,1,6800,8900,2100,0,0,0
1201,COMPLETE BATH SET F-7,BILAL TRADERS LH,9800,0,0,0,0,1,0,0
1202,COMPLETE BATH SET FPH,BILAL TRADERS LH,6500,1,5000,6500,1500,0,0,0
1203,COMPLETE BATH SET FUH,,7050,0,,0,0,0,0,0
1204,COMPLETE BATH SET GREAT FULL DIAMOND PRIME LEVER (CP),,15000,0,,0,0,0,0,0
1205,COMPLETE BATH SET NEELAM LEVER CLASSIC,BILAL TRADERS LH,8500,2,13000,17000,4000,2,0,0
1206,COMPLETE BATH SET WONDER LEVER CLASSIC,BILAL TRADERS LH,9000,2,13600,18000,4400,1,0,0
1207,COMPLETE BATH SET NEELAM LEVER COCA F-9,BILAL TRADERS LH,9030,1,6450,9030,2580,5,0,0
1208,COMPLETE BATH SET NEELAM LEVER F-9,BILAL TRADERS LH,8820,5,31500,44100,12600,1,0,0
1209,COMPLETE BATH SET MASTER (MEDIUM COLOR),BILAL TRADERS LH,4800,32,136000,153600,17600,12,0,0
1210,COMPLETE BATH SET WONDER OCEAN LEVER DIAMOND,BILAL TRADERS LH,10000,5,55100,50000,-5100,0,0,0
1211,COMPLETE BATH SET GREAT SHAHEEN (CP),BILAL TRADERS LH,11500,1,8800,11500,2700,0,0,0
1212,COMPLETE BATH SET TAPSUN SIGMA GROHI,BILAL TRADERS LH,11000,3,25500,33000,7500,0,0,0
1213,COMPLETE BATH SET VIVA SONIC HEAD,BILAL TRADERS LH,8600,2,13200,17200,4000,0,0,0
1214,COMPLETE BATH SET TAPSUN SONICS HEAD QUEEN,BILAL TRADERS LH,8100,1,6000,8100,2100,0,0,0
1215,COMPLETE BATH SET NEELAM SUPER DRONE DIAMOND LEVER,BILAL TRADERS LH,13000,3,30000,39000,9000,1,0,0
1216,COMPLETE BATH SET TAPSUN SUPER DRONE DIAMOND LEVER,BILAL TRADERS LH,13500,2,20400,27000,6600,0,0,0
1217,COMPLETE BATH SET TAPSUN SUPER DRONE LEVER,BILAL TRADERS LH,12000,4,39400,48000,8600,1,0,0
1218,COMPLETE BATH SET PEL (COLOR),BILAL TRADERS LH,8800,1,6500,8800,2300,0,0,0
1219,COMPLETE BATH SET MASTER (ZERO SIZE COLOR),BILAL TRADERS LH,4200,43,165935,180600,14665,64,0,0
1220,COMPLETE MUSLIM SHOWER PARAGON (COLOR),BILAL TRADERS LH,400,4,1200,1600,400,0,0,0
1221,COMPLETE MUSLIM SHOWER MORNING (COLOR),BILAL TRADERS LH,450,550,241020,247500,6480,211,0,0
1222,COMPLETE MUSLIM SHOWER PEAK (CP),BILAL TRADERS LH,440,12,4560,5280,720,23,0,0
1223,COMPLETE MUSLIM SHOWER TAPSUN (COLOR),BILAL TRADERS LH,300,62,17360,18600,1240,0,0,0
1224,COMPLETE MUSLIM SHOWER VITAL (COLOR),BILAL TRADERS LH,240,43,10750,10320,-430,3,0,0
1225,COMPLETE MUSLIM SHOWER MORNING (CP),BILAL TRADERS LH,600,99,59400,59400,0,79,0,0
1226,COMPLETE MUSLIM SHOWER PEAK (VIP COLOR),BILAL TRADERS LH,320,396,118800,126720,7920,70,0,0
1227,"CONNECTION PIPE (STEEL NUT) 18""",BILAL TRADERS LH,80,172,10320,13760,3440,20,0,0
1228,"CONNECTION PIPE (STEEL NUT) 24""",BILAL TRADERS LH,90,93,6045,8370,2325,67,0,0
1229,COOLER TOTI LEVER,BILAL TRADERS LH,35,444,12348,15540,3192,300,0,0
1230,CORNER CABINET MORNING (COLOR),BILAL TRADERS LH,1450,21,24150,30450,6300,0,0,0
1231,"CORNER STEEL SHELF 10""",BILAL TRADERS LH,640,21,12600,13440,840,0,0,0
1232,"CORNER STEEL SHELF 12""",BILAL TRADERS LH,810,17,14075,13770,-305,0,0,0
1233,CP CHAIN 1.25 METER,BILAL TRADERS LH,225,2,370,450,80,4,0,0
1234,CP CHAIN 1.5 METER,BILAL TRADERS LH,250,0,0,0,0,1,0,0
1235,CP CHAIN 1 METER,BILAL TRADERS LH,185,2,280,370,90,1,0,0
1236,CP PIYALA CUP (SS),BILAL TRADERS LH,50,49 PR,1960,2450,490,12 PR,0 PR,0 PR
1237,CP JUMBO CUP (SS),BILAL TRADERS LH,100,16 PR,1312,1600,288,8 PR,0 PR,0 PR
1238,"CP NIPPLE 1"" (BHARI)",BILAL TRADERS LH,72,549,32940,39528,6588,330,0,0
1239,"CP NIPPLE 1.5"" (BHARI)",BILAL TRADERS LH,84,287,20328.21,24108,3779.79,324,0,0
1240,"CP NIPPLE 2"" (AAM)",BILAL TRADERS LH,65,428,23112,27820,4708,6,0,0
1241,"CP NIPPLE 2"" (AAM)",BILAL TRADERS LH,65,75,4050,4875,825,0,0,0
1242,"CP NIPPLE 2"" (BHARI)",BILAL TRADERS LH,90,96,7999.68,8640,640.32,228,0,0
1243,"CP NIPPLE 3"" (AAM)",BILAL TRADERS LH,118,48,4704,5664,960,0,0,0
1244,"CP NIPPLE 3"" (BHARI)",BILAL TRADERS LH,156,36,4480.08,5616,1135.92,48,0,0
1245,"CP NIPPLE 4"" (AAM)",BILAL TRADERS LH,145,88,10736,12760,2024,0,0,0
1246,"CP NIPPLE 4"" (BHARI)",BILAL TRADERS LH,209,131,20450.16,27379,6928.84,18,0,0
1247,"CP NIPPLE 6"" (BHARI)",BILAL TRADERS LH,274,24,4600.08,6576,1975.92,0,0,0
1248,CP PLATE (MS),BILAL TRADERS LH,66,38,2090,2508,418,14,0,0
1249,CP PLATE (SS),BILAL TRADERS LH,114,46,4370,5244,874,0,0,0
1250,CP PLATE (SS),BILAL TRADERS LH,215,46,7590,9890,2300,4,0,0
1251,FLOOR WASTE CRYSTAL ( COLOR),BILAL TRADERS LH,55,809,40450,44495,4045,260,0,0
1252,CRYSTAL JET SHOWER GOL (COLOR),BILAL TRADERS LH,126,227,23835,28602,4767,91,0,0
1253,D-SINK MIXTURE,BILAL TRADERS LH,4080,6,20100,24480,4380,0,0,0
1254,DHAGA (BARA),BILAL TRADERS LH,108,96,8760,10368,1608,40,0,0
1255,DHAGA (CHOTA),,150,0 BG,,0,0,0 BG,0 BG,0 BG
1256,DHAGA (JUMBO),BILAL TRADERS LH,220,11 BG,1540,2420,880,15 BG,0 BG,0 BG
1257,FLOOR WASTE DIAMOND (COLOR),BILAL TRADERS LH,65,663,36465,43095,6630,278,0,0
1258,DIVIDER IDREES,BILAL TRADERS LH,720,0,0,0,0,1,0,0
1259,DIVIDER TAPSUN,BILAL TRADERS LH,700,26,15080,18200,3120,11,0,0
1260,DIVIDER (BHARI) J.S,BILAL TRADERS LH,700,6,3480,4200,720,0,0,0
1261,DOUBLE BIB COCK NEELAM,BILAL TRADERS LH,1170,15,12720,17550,4830,8,0,0
1262,DOUBLE BIB COCK VIVA,BILAL TRADERS LH,1400,10,9600,14000,4400,0,0,0
1263,DOUBLE BIB COCK MASTER,BILAL TRADERS LH,830,17,12750,14110,1360,8,0,0
1264,DOUBLE BIB COCK S. ASIA,BILAL TRADERS LH,720,16,8000,11520,3520,0,0,0
1265,DOUBLE BIB COCK P. ASIA,BILAL TRADERS LH,910,14,9100,12740,3640,0,0,0
1266,DOUBLE BIB COCK WONDER,,1000,0,,0,0,0,0,0
1267,DOUBLE BIB COCK ASIA MIX,,870,0,,0,0,0,0,0
1268,DOUBLE BIB COCK BURAQ,BILAL TRADERS LH,870,4,2480,3480,1000,0,0,0
1269,DOUBLE BIB COCK (COLOR) PEAK,BILAL TRADERS LH,340,251,70280,85340,15060,17,0,0
1270,DOUBLE BIB COCK (COLOR) PARAGON,BILAL TRADERS LH,465,64,30360,29760,-600,14,0,0
1271,DOUBLE BIB COCK (COLOR)TEHZEEB,BILAL TRADERS LH,350,193,54040,67550,13510,14,0,0
1272,DOUBLE BIB COCK (CP) PEAK,BILAL TRADERS LH,450,37,12580,16650,4070,9,0,0
1273,DOUBLE CHAND SARI (BRASS),BILAL TRADERS LH,45,125,4375,5625,1250,0,0,0
1274,DOUBLE CHAND SARI (SS),BILAL TRADERS LH,40,274,8768,10960,2192,0,0,0
1275,"DOUBLE SINK BOWL 68""x45""x20""",,6750,0,,0,0,0,0,0
1276,"DOUBLE SINK BOWL 75""x40""x20""",,8100,0,,0,0,0,0,0
1277,"DOUBLE SINK BOWL 78""x43""x20""",BILAL TRADERS LH,8775,3,19500,26325,6825,0,0,0
1278,"DOUBLE SINK BOWL 82""x45""x20""",BILAL TRADERS LH,8910,0,0,0,0,1,0,0
1279,"DOUBLE SINK BOWL 82""x45""x22""",BILAL TRADERS LH,9720,0,0,0,0,2,0,0
1280,FLUSH TANK (COLOR) MORNING,BILAL TRADERS LH,1200,85,98500,102000,3500,37,0,0
1281,FLUSH TANK (COLOR) GRACE,BILAL TRADERS LH,1350,83,87960,112050,24090,59,0,0
1282,FLOOR WASTE (COLOR) PARAGON,BILAL TRADERS LH,145,75,6750,10875,4125,0,0,0
1283,FLOOR WASTE (COLOR) AGS/SNS,BILAL TRADERS LH,60,103,4944,6180,1236,12,0,0
1284,FLOOR WASTE (COLOR) SALEEM,BILAL TRADERS LH,40,420,12600,16800,4200,12,0,0
1285,FLOOR WASTE (COLOR) MORNING,BILAL TRADERS LH,165,547,71110,90255,19145,157,0,0
1286,FLOOR WASTE (STEEL) TAPSUN,BILAL TRADERS LH,150,15,1875,2250,375,0,0,0
1287,FLOOR WASTE (STEEL) NAZIR & SONS,BILAL TRADERS LH,210,5,875,1050,175,0,0,0
1288,FLOOR WASTE (STEEL) ARHAM,BILAL TRADERS LH,210,3,525,630,105,0,0,0
1289,FLOOR WASTE (STEEL) LG,BILAL TRADERS LH,210,1,175,210,35,0,0,0
1290,FLOOR WASTE (STEEL) BOSS,,200,0,,0,0,0,0,0
1291,FLOOR WASTE (STEEL HOLE) TAPSUN,BILAL TRADERS LH,150,34,4250,5100,850,0,0,0
1292,FLUSH BUTTON (DOUBLE BUSH),BILAL TRADERS LH,200,69,10350,13800,3450,18,0,0
1293,FLUSH BUTTON (SINGLE BUSH),BILAL TRADERS LH,120,69,6210,8280,2070,12,0,0
1294,"FOOT VALVE 1"" RBS",BILAL TRADERS LH,270,314,62172,84780,22608,79,0,0
1295,"FOOT VALVE 1"" ALPHA",BILAL TRADERS LH,570,144,60768,82080,21312,17,0,0
1296,"FOOT VALVE 1"" GRACE",,290,0,,0,0,0,0,0
1297,"FOOT VALVE 1.25"" RBS",BILAL TRADERS LH,450,33,9504,14850,5346,2,0,0
1298,"FOOT VALVE 1.25"" ALPHA",BILAL TRADERS LH,810,86,51858,69660,17802,0,0,0
1299,"FOOT VALVE 1.25"" GRACE",BILAL TRADERS LH,340,20,5100,6800,1700,2,0,0
1300,"FOOT VALVE 1.5"" RBS",BILAL TRADERS LH,550,22,9240,12100,2860,3,0,0
1301,"FOOT VALVE 1.5"" ALPHA",BILAL TRADERS LH,1100,36,29628,39600,9972,0,0,0
1302,"FOOT VALVE 1.5"" GRACE",BILAL TRADERS LH,520,3,1155,1560,405,1,0,0
1303,"FOOT VALVE 1.5"" STAR",BILAL TRADERS LH,700,2,1000,1400,400,0,0,0
1304,"FOOT VALVE 2"" RBS",BILAL TRADERS LH,750,9,5220,6750,1530,1,0,0
1305,"FOOT VALVE 2"" ALPHA",BILAL TRADERS LH,1500,5,5585,7500,1915,0,0,0
1306,"FOOT VALVE 2"" GRACE",BILAL TRADERS LH,735,4,2180,2940,760,0,0,0
1307,"FOOT VALVE 2.5"" RBS",BILAL TRADERS LH,1500,3,3900,4500,600,0,0,0
1308,"FOOT VALVE 3"" RBS",,1900,0,,0,0,0,0,0
1309,"FOOT VALVE (PVC) 1"" SHAKEEL",BILAL TRADERS LH,140,152,17190,21280,4090,28,0,0
1310,"FOOT VALVE (PVC) 1.25"" SHAKEEL",BILAL TRADERS LH,170,51,7140,8670,1530,8,0,0
1311,"FOOT VALVE (PVC) 2"" SHAKEEL",BILAL TRADERS LH,400,49,16170,19600,3430,2,0,0
1312,"FOOT VALVE (PVC) 3/4"" SHAKEEL",BILAL TRADERS LH,140,126,14435,17640,3205,28,0,0
1313,"GAS COCK 1/4""",BILAL TRADERS LH,150,152,22000,22800,800,6,0,0
1314,"GAS COCK 1/2""",BILAL TRADERS LH,270,119,33495,32130,-1365,0,0,0
1315,"GATE VALVE 1/2""",BILAL TRADERS LH,250,14,2520,3500,980,0,0,0
1316,"GEEZER PIPE 18""",BILAL TRADERS LH,110,200 PR,18000,22000,4000,12 PR,0 PR,0 PR
1317,"GEEZER PIPE 24""",BILAL TRADERS LH,120,45 PR,4500,5400,900,12 PR,0 PR,0 PR
1318,"GI HOOK 1""",BILAL TRADERS LH,780,15 BG,9825,11700,1875,1 BG,0 BG,0 BG
1319,"GI HOOK 1.5""",BILAL TRADERS LH,1020,5 BG,4250,5100,850,0 BG,0 BG,0 BG
1320,"GI HOOK 1/2""",BILAL TRADERS LH,840,33 BG,26820,27720,900,4 BG,0 BG,0 BG
1321,"GI HOOK 2""",BILAL TRADERS LH,1020,6 BG,5100,6120,1020,0 BG,0 BG,0 BG
1322,GODAY (AAM BRASS),BILAL TRADERS LH,255,10 PR,2100,2550,450,18 PR,0 PR,0 PR
1323,GODAY (BARAY BRASS),BILAL TRADERS LH,315,72 PR,18720,22680,3960,20 PR,0 PR,0 PR
1324,GODAY (BRASS),BILAL TRADERS LH,560,5 PR,2150,2800,650,0 PR,0 PR,0 PR
1325,GODAY (LONG BRASS),BILAL TRADERS LH,240,95 PR,19000,22800,3800,27 PR,0 PR,0 PR
1326,GODAY (SMALL BRASS),BILAL TRADERS LH,180,151 PR,23650,27180,3530,27 PR,0 PR,0 PR
1327,GODAY (SS CHINA),BILAL TRADERS LH,140,198 PR,10890,27720,16830,17 PR,0 PR,0 PR
1328,"HANDLE VALVE 1"" SHOUKAT",BILAL TRADERS LH,560,74,31450,41440,9990,0,0,0
1329,"HANDLE VALVE 1"" MASTER",BILAL TRADERS LH,390,66,18480,25740,7260,28,0,0
1330,"HANDLE VALVE 1"" FAZAL",BILAL TRADERS LH,470,107,40767,50290,9523,4,0,0
1331,"HANDLE VALVE 1"" GEO",BILAL TRADERS LH,620,51,23460,31620,8160,0,0,0
1332,"HANDLE VALVE 1"" RBS",BILAL TRADERS LH,660,119,68068,78540,10472,9,0,0
1333,"HANDLE VALVE 1.25"" ARSLAN MASTER",,1150,0,,0,0,0,0,0
1334,"HANDLE VALVE 1.25"" IA HERO",BILAL TRADERS LH,1620,1,1350,1620,270,0,0,0
1335,"HANDLE VALVE 1.5"" ARSLAN MASTER",BILAL TRADERS LH,1650,12,15000,19800,4800,0,0,0
1336,"HANDLE VALVE 1.5"" IA HERO",BILAL TRADERS LH,2160,4,7200,8640,1440,0,0,0
1337,"HANDLE VALVE 1/2"" MZ HERO",BILAL TRADERS LH,250,464,97440,116000,18560,46,0,0
1338,"HANDLE VALVE 1/2"" SHOUKAT",BILAL TRADERS LH,280,27,5805,7560,1755,0,0,0
1339,"HANDLE VALVE 1/2"" MASTER",BILAL TRADERS LH,175,326,44010,57050,13040,130,0,0
1340,"HANDLE VALVE 1/2"" FAZAL",BILAL TRADERS LH,250,224,42560,56000,13440,248,0,0
1341,"HANDLE VALVE 1/2"" YOUSUF CLASSIC",BILAL TRADERS LH,290,65,14300,18850,4550,0,0,0
1342,"HANDLE VALVE 1/2"" YOUSAF BLACK",BILAL TRADERS LH,305,5,1175,1525,350,0,0,0
1343,"HANDLE VALVE 1/2"" GEO",BILAL TRADERS LH,270,0,0,0,0,4,0,0
1344,"HANDLE VALVE 1/2"" LATIF KITZ",BILAL TRADERS LH,180,100,11500,18000,6500,0,0,0
1345,"HANDLE VALVE 1/2"" RBS",BILAL TRADERS LH,330,370,105820,122100,16280,158,0,0
1346,"HANDLE VALVE 1/4"" MASTER",BILAL TRADERS LH,155,76,8512,11780,3268,21,0,0
1347,"HANDLE VALVE 1/4"" SUPER LATIF MASTER",BILAL TRADERS LH,155,2,220,310,90,0,0,0
1348,"HANDLE VALVE 1/4"" AHS",BILAL TRADERS LH,170,2,270,340,70,98,0,0
1349,"HANDLE VALVE 2"" ARSLAN MASTER",,2150,0,,0,0,0,0,0
1350,"HANDLE VALVE 2"" IA HERO",BILAL TRADERS LH,2640,3,6600,7920,1320,2,0,0
1351,"HANDLE VALVE 3/4"" MZ HERO",BILAL TRADERS LH,310,312,81120,96720,15600,18,0,0
1352,"HANDLE VALVE 3/4"" SHOUKAT",,420,0,,0,0,0,0,0
1353,"HANDLE VALVE 3/4"" MASTER",BILAL TRADERS LH,205,297,47520,60885,13365,53,0,0
1354,"HANDLE VALVE 3/4"" FAZAL",BILAL TRADERS LH,310,170,39950,52700,12750,115,0,0
1355,"HANDLE VALVE 3/4"" YOUSAF BLACK",BILAL TRADERS LH,370,2,570,740,170,0,0,0
1356,"HANDLE VALVE 3/4"" NAGINA",BILAL TRADERS LH,345,94,24910,32430,7520,0,0,0
1357,"HANDLE VALVE 3/4"" FLY",BILAL TRADERS LH,340,50,12400,17000,4600,0,0,0
1358,"HANDLE VALVE 3/4"" RBS",BILAL TRADERS LH,427.5,362,134121,154755,20634,78,0,0
1359,HEAD (COLOR) MASTER,BILAL TRADERS LH,30,755,18875,22650,3775,216,0,0
1360,HEAD (CP) MASTER,BILAL TRADERS LH,41,103,3862,4223,361,12,0,0
1361,HEAD (CP) SAWANA,BILAL TRADERS LH,42,65,2275,2730,455,0,0,0
1362,HIGH PRESSURE BALL COCK (COMPLETE SET),BILAL TRADERS LH,1000,17,12750,17000,4250,2,0,0
1363,HOCKEY PIPE FLEXIBLE (COLOR),BILAL TRADERS LH,45,338,12844,15210,2366,60,0,0
1364,HOCKEY PIPE HARD (COLOR),BILAL TRADERS LH,60,189,9450,11340,1890,52,0,0
1365,HOCKEY PIPE (STEEL),BILAL TRADERS LH,230,65,16900,14950,-1950,45,0,0
1366,HYDROLIC SEAT COVER,BILAL TRADERS LH,1200,40,40000,48000,8000,0,0,0
1367,"INJECTOR (BRASS SEALED) 1""x1.25""",BILAL TRADERS LH,280,63,14490,17640,3150,9,0,0
1368,"INJECTOR (BRASS SEALED) 3/4""x1""",BILAL TRADERS LH,225,25,4625,5625,1000,0,0,0
1369,"INJECTOR (BRASS SEALED ANOKHA SIZE) 1""x1.25""",BILAL TRADERS LH,280,55,12650,15400,2750,3,0,0
1370,"INJECTOR (PLASTIC SEALED) 1""x1.25""",BILAL TRADERS LH,210,13,2210,2730,520,0,0,0
1371,J LEVER,BILAL TRADERS LH,30,123,2460,3690,1230,0,0,0
1372,JAZZ COCK (COLOR),BILAL TRADERS LH,440,4,1600,1760,160,0,0,0
1373,"JET SHOWER (STEEL) 4""x4""",BILAL TRADERS LH,130,59,7080,7670,590,30,0,0
1374,"JET SHOWER (STEEL) 6""x6""",BILAL TRADERS LH,200,0,0,0,0,12,0,0
1375,JET SHOWER CHORUS AGS (COLOR),BILAL TRADERS LH,110,256,30244,28160,-2084,42,0,0
1376,JET SHOWER CHORUS (COLOR),BILAL TRADERS LH,175,206,25750,36050,10300,0,0,0
1377,JET SHOWER CHORUS (COLOR) U MASTER,BILAL TRADERS LH,125,8,800,1000,200,0,0,0
1378,JET SHOWER GOL (COLOR) MORNING,BILAL TRADERS LH,280,219,55800,61320,5520,96,0,0
1379,JET SHOWER GOL (CP) MORNING,BILAL TRADERS LH,330,26,7280,8580,1300,42,0,0
1380,"JOBLI CLIP 1""",,940,0 PKT,,0,0,0 PKT,0 PKT,0 PKT
1381,"JOBLI CLIP 5/8""",,780,0 PKT,,0,0,0 PKT,0 PKT,0 PKT
1382,K-3 KILLI 3 HOOKS,BILAL TRADERS LH,130,16,1920,2080,160,12,0,0
1383,K-3 KILLI 4 HOOKS,BILAL TRADERS LH,175,20,3200,3500,300,12,0,0
1384,K-3 KILLI 5 HOOKS,BILAL TRADERS LH,220,11,2200,2420,220,12,0,0
1385,K-3 KILLI 6 HOOKS,BILAL TRADERS LH,265,12,2880,3180,300,6,0,0
1386,K-4 KILLI 3 HOOKS,BILAL TRADERS LH,165,8,1080,1320,240,0,0,0
1387,K-4 KILLI 4 HOOKS,BILAL TRADERS LH,220,62,11160,13640,2480,0,0,0
1388,K-4 KILLI 5 HOOKS,BILAL TRADERS LH,270,33,7425,8910,1485,0,0,0
1389,K-4 KILLI 6 HOOKS,BILAL TRADERS LH,325,24,6480,7800,1320,0,0,0
1390,K-5 KILLI 4 HOOKS,BILAL TRADERS LH,230,18,3960,4140,180,0,0,0
1391,K-5 KILLI 5 HOOKS,BILAL TRADERS LH,290,18,4950,5220,270,0,0,0
1392,K-5 KILLI 6 HOOKS,BILAL TRADERS LH,345,4,1320,1380,60,0,0,0
1393,K-7 KILLI 3 HOOKS,BILAL TRADERS LH,175,16,2304,2800,496,0,0,0
1394,K-7 KILLI 4 HOOKS,BILAL TRADERS LH,230,24,4608,5520,912,0,0,0
1395,K-7 KILLI 5 HOOKS,BILAL TRADERS LH,290,43,10320,12470,2150,0,0,0
1396,K-7 KILLI 6 HOOKS,BILAL TRADERS LH,345,22,6336,7590,1254,0,0,0
1397,KARI HEAD (COLOR),BILAL TRADERS LH,30,228,5700,6840,1140,0,0,0
1398,KARIZMA SINK MIXTURE,BILAL TRADERS LH,3500,6,17200,21000,3800,4,0,0
1399,LEVER BASIN MIXTURE CHINA,BILAL TRADERS LH,3010,6,12900,18060,5160,1,0,0
1400,LEVER HEAD (AAM BHARI),,145,0,,0,0,0,0,0
1401,LEVER HEAD (BAREY BHARI),BILAL TRADERS LH,195,3,480,585,105,0,0,0
1402,LEVER HEAD (DIAMOND),BILAL TRADERS LH,720,2,1100,1440,340,2,0,0
1403,LEVER HEAD (KHALA HEAVY),BILAL TRADERS LH,210,4,640,840,200,10,0,0
1404,LEVER HEAD (REMIX),BILAL TRADERS LH,210,5,800,1050,250,8,0,0
1405,LEVER HEAD (TIKKI),BILAL TRADERS LH,130,0,0,0,0,8,0,0
1406,LEVER SINK MIXTURE PAKISTANI,BILAL TRADERS LH,4970,7,24850,34790,9940,1,0,0
1407,LEVER SINK MIXTURE CHINA,BILAL TRADERS LH,2250,2,3700,4500,800,0,0,0
1408,"LINE CLAMP 12""x3/4""",BILAL TRADERS LH,460,12,5040,5520,480,0,0,0
1409,"LINE CLAMP 2""x1/2""",BILAL TRADERS LH,180,0,0,0,0,20,0,0
1410,"LINE CLAMP 2""x3/4""",BILAL TRADERS LH,145,27,3336,3915,579,6,0,0
1411,"LINE CLAMP 3""x1/2""",BILAL TRADERS LH,190,29,4698,5510,812,0,0,0
1412,"LINE CLAMP 3""x3/4""",BILAL TRADERS LH,190,50,8000,9500,1500,28,0,0
1413,"LINE CLAMP 4""x1/2""",BILAL TRADERS LH,190,34,5414,6460,1046,0,0,0
1414,"LINE CLAMP 4""x3/4""",BILAL TRADERS LH,190,68,11012,12920,1908,42,0,0
1415,"LINE CLAMP 6""x1/2""",BILAL TRADERS LH,220,25,4741,5500,759,6,0,0
1416,"LINE CLAMP 6""x3/4""",BILAL TRADERS LH,220,66,13530,14520,990,51,0,0
1417,"LINE CLAMP 8""x1/2""",BILAL TRADERS LH,340,12,3360,4080,720,0,0,0
1418,"LINE CLAMP 8""x3/4""",BILAL TRADERS LH,340,18,4950,6120,1170,0,0,0
1419,LINE CLAMP PACKING (FOAM),BILAL TRADERS LH,60,50,3000,3000,0,0,0,0
1420,LINE CLAMP PACKING (RUBBER),BILAL TRADERS LH,180,1,150,180,30,0,0,0
1421,"MAIN HOLE COVER (PVC) 12""x12"" PERFECT",,220,0,,0,0,0,0,0
1422,"MAIN HOLE COVER (PVC) 12""x12"" MASTER",BILAL TRADERS LH,230,8,1520,1840,320,44,0,0
1423,"MAIN HOLE COVER (PVC) 15""x15"" PERFECT",BILAL TRADERS LH,470,1,390,470,80,4,0,0
1424,"MAIN HOLE COVER (PVC) 18""x18"" PERFECT",BILAL TRADERS LH,660,1,550,660,110,0,0,0
1425,"MAIN HOLE COVER (PVC) 18""x18"" VOLVO",,660,0,,0,0,0,0,0
1426,"MAIN HOLE COVER (PVC) 18""x18"" ICS",BILAL TRADERS LH,660,10,5500,6600,1100,15,0,0
1427,"MAIN HOLE COVER (PVC) 24""x24"" PERFECT",,1440,0,,0,0,0,0,0
1428,"MAIN HOLE COVER (PVC) 24""x24"" VOLVO",BILAL TRADERS LH,1440,5,6000,7200,1200,19,0,0
1429,"MAIN HOLE COVER (PVC) 6""x6"" PERFECT",BILAL TRADERS LH,75,25,1500,1875,375,0,0,0
1430,"MAIN HOLE COVER (PVC) 9""x9"" PERFECT",BILAL TRADERS LH,135,34,3740,4590,850,8,0,0
1431,"MAIN HOLE COVER (PVC BHARI) 12""x12"" PERFECT",BILAL TRADERS LH,460,1,380,460,80,0,0,0
1432,"MAIN HOLE COVER (PVC BHARI) 9""x9"" PERFECT",BILAL TRADERS LH,390,18,5760,7020,1260,0,0,0
1433,"MAIN HOLE COVER (STEEL) 12""x12"" SIRONA",BILAL TRADERS LH,720,3,1800,2160,360,0,0,0
1434,"MAIN HOLE COVER (STEEL) 12""x12"" SUPER DIAMOND",BILAL TRADERS LH,400,12,4020,4800,780,2,0,0
1435,"MAIN HOLE COVER (STEEL) 15""x15"" SUPER DIAMOND",BILAL TRADERS LH,700,2,1160,1400,240,0,0,0
1436,"MAIN HOLE COVER (STEEL) 18""x18"" SIRONA",,1290,0,,0,0,0,0,0
1437,"MAIN HOLE COVER (STEEL) 18""x18"" EMPERIAL",BILAL TRADERS LH,1290,4,4300,5160,860,0,0,0
1438,"MAIN HOLE COVER (STEEL) 24""x24"" SIRONA",BILAL TRADERS LH,2220,0,0,0,0,1,0,0
1439,"MAIN HOLE COVER (STEEL) 9""x9"" SUPER DIAMOND",BILAL TRADERS LH,280,10,2300,2800,500,0,0,0
1440,MASTER CHAND SARI,BILAL TRADERS LH,80,105,6825,8400,1575,1,0,0
1441,"METER LOCK 1/2""",BILAL TRADERS LH,270,124,34620,33480,-1140,17,0,0
1442,"METER LOCK 3/4""",BILAL TRADERS LH,120,4,3880,480,-3400,0,0,0
1443,MIRROR (COLOR),BILAL TRADERS LH,432,134,50910,57888,6978,77,0,0
1444,"MIXTURE TUBE (4"" NOZZLE) 18""",BILAL TRADERS LH,160,335 PR,46230,53600,7370,12 PR,0 PR,0 PR
1445,"MIXTURE TUBE (4"" NOZZLE) 24""",BILAL TRADERS LH,170,90 PR,13500,15300,1800,58 PR,0 PR,0 PR
1446,"MIXTURE TUBE (BRASS NOZZLE) 18""",BILAL TRADERS LH,140,195 PR,20085,27300,7215,9 PR,0 PR,0 PR
1447,"MIXTURE TUBE (BRASS NOZZLE) 24""",BILAL TRADERS LH,155,206 PR,27978,31930,3952,46 PR,0 PR,0 PR
1448,BASIN MIXTURE (NALKA 1') CHINA,BILAL TRADERS LH,1470,9,12150,13230,1080,0,0,0
1449,NECK (CP),BILAL TRADERS LH,700,10,5400,7000,1600,0,0,0
1450,NECK FILTER (IRON),BILAL TRADERS LH,102,184,17296,18768,1472,207,0,0
1451,"NYLON CONNECTION 18""",BILAL TRADERS LH,30,554,13850,16620,2770,48,0,0
1452,"NYLON CONNECTION 24""",BILAL TRADERS LH,35,612,22651.2,21420,-1231.2,228,0,0
1453,"NYLON CONNECTION 36""",BILAL TRADERS LH,45,168,7896,7560,-336,132,0,0
1454,"NYLON CONNECTION 48""",BILAL TRADERS LH,58,97,4694.8,5626,931.2,48,0,0
1455,"P-TRAP 3.5""",BILAL TRADERS LH,150,144,17280,21600,4320,0,0,0
1456,"P-TRAP 4"" (FLAT)",BILAL TRADERS LH,180,195,28275,35100,6825,0,0,0
1457,"P-TRAP 4"" (FLAT)",,145,0,,0,0,0,0,0
1458,"P-TRAP 4"" (FULL)",BILAL TRADERS LH,180,75,10875,13500,2625,90,0,0
1459,"P-TRAP 4"" (FULL)",,145,0,,0,0,0,0,0
1460,"P-TRAP 3"" (MEDIUM)",,120,0,,0,0,0,0,0
1461,"P-TRAP 3"" (MEDIUM)",BILAL TRADERS LH,95,145,11310,13775,2465,239,0,0
1462,P-TRAP (TEDI),BILAL TRADERS LH,70,2,112,140,28,40,0,0
1463,"SAFETY VALVE 1"" RBS",BILAL TRADERS LH,275,35,7420,9625,2205,6,0,0
1464,"SAFETY VALVE 1"" NBS",BILAL TRADERS LH,260,10,1980,2600,620,0,0,0
1465,"SAFETY VALVE 1"" (SPECIAL) RBS",,530,0,,0,0,0,0,0
1466,"SAFETY VALVE 3/4"" RBS",BILAL TRADERS LH,250,46,8832,11500,2668,6,0,0
1467,"SAME VALVE (PVC) 1""",BILAL TRADERS LH,115,1,95,115,20,0,0,0
1468,"SAME VALVE (PVC) 1.25""",BILAL TRADERS LH,130,26,2730,3380,650,6,0,0
1469,"SAME VALVE (PVC) 2""",BILAL TRADERS LH,435,14,5040,6090,1050,0,0,0
1470,"SAME VALVE (PVC)3/4""",BILAL TRADERS LH,115,34,3230,3910,680,24,0,0
1471,SENSOR BASIN MIXTURE CHINA,BILAL TRADERS LH,4480,6,19200,26880,7680,0,0,0
1472,SHAM,BILAL TRADERS LH,325,50,12500,16250,3750,0,0,0
1473,SHOWER NECK (CP),,290,0,,0,0,0,0,0
1474,SHOWER ROD (BRASS BUSH) COLOR,BILAL TRADERS LH,70,246,19680,17220,-2460,206,0,0
1475,SHOWER ROD (CP) ILMAS,BILAL TRADERS LH,670,20,10400,13400,3000,0,0,0
1476,SHOWER ROD (CP) CHINA,BILAL TRADERS LH,150,4,500,600,100,0,0,0
1477,SHOWER ROD (CP) TAPSUN,BILAL TRADERS LH,190,64,8640,12160,3520,50,0,0
1478,SHOWER ROD (PLASTIC COLOR),BILAL TRADERS LH,27,1114,24508,30078,5570,0,0,0
1479,SIDE PILLAR COCK NEELAM,BILAL TRADERS LH,1030,42,32340,43260,10920,0,0,0
1480,SIDE PILLAR COCK VIVA,BILAL TRADERS LH,1400,57,54720,79800,25080,0,0,0
1481,SIDE PILLAR COCK MASTER,BILAL TRADERS LH,830,23,16100,19090,2990,42,0,0
1482,SIDE PILLAR COCK S. ASIA,BILAL TRADERS LH,640,21,10500,13440,2940,2,0,0
1483,SIDE PILLAR COCK POWER,BILAL TRADERS LH,1020,28,20384,28560,8176,0,0,0
1484,SIDE PILLAR COCK P. ASIA,BILAL TRADERS LH,910,9,5850,8190,2340,0,0,0
1485,SIDE PILLAR COCK (COLOR) PEAK,BILAL TRADERS LH,240,82,19680,19680,0,101,0,0
1486,SIDE PILLAR COCK (COLOR) PARAGON,BILAL TRADERS LH,415,107,41484,44405,2921,28,0,0
1487,SIDE PILLAR COCK (COLOR) TEHZEEB,BILAL TRADERS LH,310,214,54015,66340,12325,84,0,0
1488,SIDE PILLAR COCK (COLOR) UROOJ,BILAL TRADERS LH,195,6,930,1170,240,0,0,0
1489,SIDE PILLAR COCK (CP) PEAK,BILAL TRADERS LH,240,12,3960,2880,-1080,6,0,0
1490,SINGLE BATH SET (COLOR) PARAGON,BILAL TRADERS LH,2100,8,12800,16800,4000,2,0,0
1491,SINGLE CHAND SARI (BRASS),BILAL TRADERS LH,45,75,2625,3375,750,7,0,0
1492,SINGLE MUSLIM SHOWER MORNING (COLOR),BILAL TRADERS LH,190,636,114750,120840,6090,155,0,0
1493,SINGLE MUSLIM SHOWER PEAK (COLOR),BILAL TRADERS LH,130,73,6570,9490,2920,43,0,0
1494,SINGLE MUSLIM SHOWER TAPSUN (BRASS),BILAL TRADERS LH,540,62,27900,33480,5580,0,0,0
1495,SINGLE MUSLIM SHOWER TAPSUN (COLOR),BILAL TRADERS LH,96,437,39330,41952,2622,116,0,0
1496,SINGLE MUSLIM SHOWER VITAL (COLOR),BILAL TRADERS LH,90,16,1200,1440,240,0,0,0
1497,SINGLE MUSLIM SHOWER MORNING (CP),BILAL TRADERS LH,300,123,35440,36900,1460,35,0,0
1498,SINGLE MUSLIM SHOWER PEAK (CP),BILAL TRADERS LH,180,152,19760,27360,7600,36,0,0
1499,SINGLE MUSLIM SHOWER UNIQUE (CP),BILAL TRADERS LH,120,58,5220,6960,1740,0,0,0
1500,"SINK BOWL 15""x30"" AFZAL",BILAL TRADERS LH,1020,3,3000,3060,60,0,0,0
1501,"SINK BOWL 18""x22"" SIRONA",BILAL TRADERS LH,1620,3,4500,4860,360,0,0,0
1502,"SINK BOWL (BLUE PATTI) 13""x16""",BILAL TRADERS LH,890,0,0,0,0,6,0,0
1503,"SINK BOWL (MACHINE MADE) 50""x40""",,2220,0,,0,0,0,0,0
1504,"SINK BOWL (MACHINE MADE) 58""x43""",BILAL TRADERS LH,2700,10,22500,27000,4500,0,0,0
1505,"SINK BOWL (MACHINE MADE)) 60""x45""",BILAL TRADERS LH,2940,5,12250,14700,2450,1,0,0
1506,"SINK BOWL (MACHINE MADE) 68""x45""",BILAL TRADERS LH,3780,20,63000,75600,12600,0,0,0
1507,"SINK BOWL (MACHINE MADE) 75""x40""",BILAL TRADERS LH,4440,12,44400,53280,8880,0,0,0
1508,"SINK BOWL (MACHINE MADE) 81""x43""",BILAL TRADERS LH,5160,6,25800,30960,5160,0,0,0
1509,"SINK BOWL (GREEN PATTI) 13""x16""",BILAL TRADERS LH,770,22,22020,16940,-5080,5,0,0
1510,"SINK BOWL (GREEN PATTI) 14""x17""",BILAL TRADERS LH,1320,23,25300,30360,5060,9,0,0
1511,SINK COCK NEELAM,BILAL TRADERS LH,1030,35,26950,36050,9100,0,0,0
1512,SINK COCK VIVA,BILAL TRADERS LH,1400,38,36480,53200,16720,0,0,0
1513,SINK COCK MASTER,BILAL TRADERS LH,830,27,19380,22410,3030,13,0,0
1514,SINK COCK S. ASIA,BILAL TRADERS LH,640,26,13000,16640,3640,6,0,0
1515,SINK COCK POWER,BILAL TRADERS LH,1020,20,14560,20400,5840,0,0,0
1516,SINK COCK P. ASIA,BILAL TRADERS LH,910,15,9750,13650,3900,0,0,0
1518,SINK COCK (COLOR) PEAK,BILAL TRADERS LH,240,31,7440,7440,0,43,0,0
1519,SINK COCK (COLOR) PARAGON,BILAL TRADERS LH,430,56,23352,24080,728,20,0,0
1520,SINK COCK (COLOR) TEHZEEB,BILAL TRADERS LH,310,232,57555,71920,14365,28,0,0
1521,SINK COCK (CP) PEAK,BILAL TRADERS LH,370,35,11550,12950,1400,6,0,0
1522,SINK MIXTURE NEELAM,BILAL TRADERS LH,1780,23,36800,40940,4140,6,0,0
1523,SINK MIXTURE VIVA,BILAL TRADERS LH,1700,1,1590,1700,110,0,0,0
1524,SINK MIXTURE MASTER,BILAL TRADERS LH,1320,32,40480,42240,1760,28,0,0
1525,SINK MIXTURE S. ASIA,BILAL TRADERS LH,1080,14,12740,15120,2380,0,0,0
1526,SINK MIXTURE WONDER,BILAL TRADERS LH,1000,5,5750,5000,-750,0,0,0
1527,SINK MIXTURE TAPSUN,BILAL TRADERS LH,3000,4,8600,12000,3400,0,0,0
1528,SINK MIXTURE FAUCET,BILAL TRADERS LH,2170,4,6200,8680,2480,0,0,0
1529,SINK MIXTURE HIGH END,BILAL TRADERS LH,2170,2,3100,4340,1240,0,0,0
1530,SINK MIXTURE (COLOR) PEAK,BILAL TRADERS LH,660,157,106760,103620,-3140,30,0,0
1531,SINK MIXTURE (COLOR) PARAGON,BILAL TRADERS LH,900,69,60695,62100,1405,12,0,0
1532,SINK MIXTURE (COLOR) TEHZEEB,BILAL TRADERS LH,770,159,112298,122430,10132,33,0,0
1533,SINK MIXTURE (CP) PEAK,BILAL TRADERS LH,870,5,3700,4350,650,12,0,0
1534,SOAP DISH (CHORUS),BILAL TRADERS LH,110,55,4950,6050,1100,2,0,0
1535,SOAP DISH (CHORUS),,110,0,,0,0,0,0,0
1536,SOAP DISH (GOL),BILAL TRADERS LH,105,10,850,1050,200,2,0,0
1537,SOLUTION (50 GRAM),BILAL TRADERS LH,20,0,,0,0,0,0,0
1538,SPANDLE (2 IN 1),BILAL TRADERS LH,105,1,83,105,22,0,0,0
1539,SPANDLE SCREW (BRASS),BILAL TRADERS LH,320,80 BG,17600,25600,8000,0 BG,0 BG,0 BG
1540,SPANDLE (INDUS GROUP),BILAL TRADERS LH,105,105,9450,11025,1575,290,0,0
1541,SPANDLE (LAMBAY/CONSEALED),BILAL TRADERS LH,120,93,13218,11160,-2058,54,0,0
1542,SPANDLE (MIX),BILAL TRADERS LH,145,164,19680,23780,4100,0,0,0
1543,SPANDLE VALVE/GOTI (NO:3),BILAL TRADERS LH,28,351,8073,9828,1755,24,0,0
1544,SPANDLE VALVE/GOTI (NO:4),BILAL TRADERS LH,32,408,10608,13056,2448,24,0,0
1545,SPANDLE VALVE/GOTI (NO:5),BILAL TRADERS LH,35,604,17516,21140,3624,12,0,0
1546,SPANDLE VALVE/GOTI (NO:6),BILAL TRADERS LH,39,628,20096,24492,4396,12,0,0
1547,SPANDLE VALVE/GOTI (NO:7),BILAL TRADERS LH,42,149,5215,6258,1043,12,0,0
1548,"STEEL JALI GOL 3"" (SS)",BILAL TRADERS LH,120,18,1800,2160,360,1,0,0
1549,"STEEL JALI GOL 4"" (MS)",BILAL TRADERS LH,130,33,4365,4290,-75,5,0,0
1550,"STEEL JALI GOL 4"" (SS)",BILAL TRADERS LH,240,12,2400,2880,480,7,0,0
1551,"STEEL JALI GOL 4"" HOLE (MS)",BILAL TRADERS LH,130,47,6285,6110,-175,2,0,0
1552,"STEEL JALI GOL 4"" HOLE (SS)",BILAL TRADERS LH,240,11,2200,2640,440,2,0,0
1553,"STEEL JALI GOL 5"" (MS)",BILAL TRADERS LH,160,18,3240,2880,-360,4,0,0
1554,"STEEL JALI GOL 5"" (SS)",BILAL TRADERS LH,280,11,2530,3080,550,5,0,0
1555,"STEEL JALI GOL 5"" HOLE (MS)",BILAL TRADERS LH,225,18,3240,4050,810,2,0,0
1556,"STEEL JALI GOL 5"" HOLE (SS)",BILAL TRADERS LH,280,21,4830,5880,1050,2,0,0
1557,"STEEL JALI GOL 6"" (MS)",BILAL TRADERS LH,375,37,11100,13875,2775,3,0,0
1558,"STEEL JALI GOL 6"" (SS)",BILAL TRADERS LH,525,18,7560,9450,1890,2,0,0
1559,"STEEL JALI GOL 6"" HOLE (MS)",BILAL TRADERS LH,235,19,5700,4465,-1235,1,0,0
1560,"STEEL JALI GOL 6"" HOLE (SS)",BILAL TRADERS LH,280,4,920,1120,200,1,0,0
1561,STEEL SHELF,BILAL TRADERS LH,250,10,2300,2500,200,0,0,0
1562,STOP COCK NEELAM,,550,0,,0,0,0,0,0
1563,STOP COCK VIVA,,530,0,,0,0,0,0,0
1564,STOP COCK MASTER,,450,0,,0,0,0,0,0
1565,STOP COCK P. ASIA,BILAL TRADERS LH,450,3,960,1350,390,0,0,0
1566,"STOP COCK 1/2"" S. ASIA",BILAL TRADERS LH,395,60,17395,23700,6305,12,0,0
1567,"STOP COCK 3/4"" S.ASIA",BILAL TRADERS LH,420,24,7680,10080,2400,0,0,0
1568,SUPER JET SHOWER CHORUS (COLOR),BILAL TRADERS LH,110,93,10695,10230,-465,98,0,0
1569,"T-ARM (CP) 12""",BILAL TRADERS LH,300,19,4925,5700,775,6,0,0
1570,"T-ARM (CP) 18""",BILAL TRADERS LH,440,22,9730,9680,-50,5,0,0
1571,"T-ARM (CP) 8""",BILAL TRADERS LH,265,12,2400,3180,780,25,0,0
1572,T-COCK ILMAS,BILAL TRADERS LH,850,24,15600,20400,4800,0,0,0
1573,T-COCK NEELAM,BILAL TRADERS LH,550,45,25200,24750,-450,16,0,0
1574,T-COCK VIVA,BILAL TRADERS LH,530,102,53754,54060,306,0,0,0
1575,T-COCK MASTER,BILAL TRADERS LH,450,128,52660,57600,4940,36,0,0
1576,T-COCK S. ASIA,BILAL TRADERS LH,395,174,50190,68730,18540,0,0,0
1577,T-COCK P. ASIA,BILAL TRADERS LH,450,39,12480,17550,5070,0,0,0
1578,T-COCK CROWN,BILAL TRADERS LH,450,40,12800,18000,5200,0,0,0
1579,T-COCK UMAR SAGA,BILAL TRADERS LH,490,38,13300,18620,5320,0,0,0
1580,T-COCK (COLOR) PEAK,BILAL TRADERS LH,140,226,29380,31640,2260,142,0,0
1581,T-COCK (COLOR) PARAGON,BILAL TRADERS LH,190,400,79219,76000,-3219,22,0,0
1582,T-COCK (COLOR) TEHZEEB,BILAL TRADERS LH,160,482,63896,77120,13224,228,0,0
1583,T-COCK (COLOR) UROOJ,BILAL TRADERS LH,125,99,9405,12375,2970,0,0,0
1584,T-COCK (COLOR) SIRONA,BILAL TRADERS LH,160,60,7200,9600,2400,0,0,0
1585,T-COCK (CP) PEAK,BILAL TRADERS LH,165,0,0,0,0,48,0,0
1586,"T-SAFETY VALVE 1""",BILAL TRADERS LH,480,11,4576,5280,704,4,0,0
1587,TAFLON TAPE (COLOR),BILAL TRADERS LH,18,1580,22910,28440,5530,230,0,0
1588,TAFLON TAPE (YELLOW),BILAL TRADERS LH,11,5973,63562.4,65703,2140.6,1390,0,0
1589,"TANKI BUSH 1/2""x3/4"" (BHARI)",BILAL TRADERS LH,80,137,10960,10960,0,70,0,0
1590,"TANKI BUSH 1/2""x3/4"" (AAM)",BILAL TRADERS LH,55,194,11430,10670,-760,64,0,0
1591,"TANKI BUSH 3/4""x1"" (BHARI)",BILAL TRADERS LH,105,222,21870,23310,1440,36,0,0
1592,"TANKI BUSH 3/4""x1"" (AAM)",BILAL TRADERS LH,80,220,18350,17600,-750,46,0,0
1593,THUMBLE (PVC) UNIQUE,BILAL TRADERS LH,350,46,11500,16100,4600,4,0,0
1594,THUMBLE (PVC AAM) STEEL-X,BILAL TRADERS LH,75,48,2880,3600,720,14,0,0
1595,TISSUE HOLDER (CP),BILAL TRADERS LH,160,23,2875,3680,805,6,0,0
1596,TOTI 2.5 NO (CROME),BILAL TRADERS LH,230,103,20600,23690,3090,0,0,0
1597,TOTI 2.5 NO (GOLDEN),BILAL TRADERS LH,190,297,57430,56430,-1000,54,0,0
1598,TOTI 3 NO (CROME),BILAL TRADERS LH,290,72,17840,20880,3040,0,0,0
1599,TOTI 3 NO (GOLDEN),BILAL TRADERS LH,280,304,71040,85120,14080,6,0,0
1600,TOTI (CHINA HEAD),BILAL TRADERS LH,110,12,1080,1320,240,60,0,0
1601,TOTI (PLASTIC) TAJ,BILAL TRADERS LH,200,80,12000,16000,4000,76,0,0
1602,TOTI (PLASTIC) ABT,BILAL TRADERS LH,23,188,4512,4324,-188,62,0,0
1603,TOWEL RING (CP),BILAL TRADERS LH,200,15,2550,3000,450,8,0,0
1604,TOWEL ROD (CP),BILAL TRADERS LH,190,30,5100,5700,600,20,0,0
1605,U NECK (BARI),BILAL TRADERS LH,230,143,27170,32890,5720,54,0,0
1606,U NECK (CHOTI),BILAL TRADERS LH,170,164,27880,27880,0,155,0,0
1607,U NECK (DERMIANI),BILAL TRADERS LH,195,78,12480,15210,2730,0,0,0
1608,"UNDER GROUND 1/2""",,780,0,,0,0,0,0,0
1609,"UNDER GROUND 3/4"" MASTER",BILAL TRADERS LH,780,42,26880,32760,5880,0,0,0
1610,UNION CHECK VALVE,BILAL TRADERS LH,1700,7,10360,11900,1540,0,0,0
1611,UNION CHECK VALVE 25 MM,BILAL TRADERS LH,950,10,7700,9500,1800,0,0,0
1612,UNION CHECK VALVE 32 MM,BILAL TRADERS LH,950,10,7700,9500,1800,0,0,0
1613,VANITY MIXTURE (CP LONG),BILAL TRADERS LH,1800,9,11250,16200,4950,0,0,0
1614,VANITY MIXTURE (PULL OUT),,2400,0,,0,0,0,0,0
1615,VANITY MIXTURE (SUS304),BILAL TRADERS LH,1820,1,1300,1820,520,0,0,0
1616,FLOOR WASTE VIP/SAMEER (COLOR),BILAL TRADERS LH,72,439,28535,31608,3073,208,0,0
1617,WALL SHOWER LEG,,290,0,,0,0,0,0,0
1618,WALL SHOWER ROD 4 FOOT (COLOR AAM),BILAL TRADERS LH,240,176,17600,42240,24640,4,0,0
1619,WALL SHOWER ROD 5 FOOT (COLOR BHARI),BILAL TRADERS LH,300,69,11730,20700,8970,10,0,0
1620,WALL SHOWER ROD 4 FOOT (CP AAM),BILAL TRADERS LH,160,47,3760,7520,3760,0,0,0
1621,WALL SHOWER ROD 4 FOOT (CP BHARI),BILAL TRADERS LH,220,74,8880,16280,7400,5,0,0
1622,WALL SHOWER ROD 5 FOOT (CP AAM),BILAL TRADERS LH,220,28,2800,6160,3360,0,0,0
1623,WALL SHOWER ROD 5 FOOT (CP BHARI),BILAL TRADERS LH,260,33,4620,8580,3960,0,0,0
1624,WASHER (GODAY),BILAL TRADERS LH,110,46 GS,4140,5060,920,0 GS,0 GS,0 GS
1625,WASHER (NYLON CONNECTION),BILAL TRADERS LH,60,32 GS,1600,1920,320,13 GS,0 GS,0 GS
1626,WASHER (SINK MIXTURE),BILAL TRADERS LH,110,362 GS,32580,39820,7240,5 GS,0 GS,0 GS
1627,WASTE (CROME BRASS),BILAL TRADERS LH,235,1,195,235,40,0,0,0
1628,WASTE (GOLDEN BRASS),BILAL TRADERS LH,265,36,7920,9540,1620,0,0,0
1629,WASTE PIPE (CP),BILAL TRADERS LH,140,119,13685,16660,2975,0,0,0
1630,WASTE PIPE (GREY) AAM,BILAL TRADERS LH,63,142,7100,8946,1846,514,0,0
1631,WASTE PIPE (GREY) BHARI,BILAL TRADERS LH,76,221,13923,16796,2873,126,0,0
1632,WASTE PIPE (WHITE) MANAV,BILAL TRADERS LH,71,0,0,0,0,9,0,0
1633,WASTE PIPE (GREY) WITHOUT WASTE,BILAL TRADERS LH,39,332,10024,12948,2924,36,0,0
1634,WASTE (PLASTIC),BILAL TRADERS LH,50,336,13440,16800,3360,132,0,0
1635,COMPLETE BATH SET MASTER CP,BILAL TRADERS LH,6120,4,20400,24480,4080,16,0,0
1636,"STEEL JALI GOOL 3"" (MS)",,120,0,,0,0,0,0,0
1637,"STEEL JALI GOL 3""(MS)",BILAL TRADERS LH,120,10,960,1200,240,0,0,0
1638,"SINK BOWL 14""x17"" SUPREME AFZAL",BILAL TRADERS LH,1375,1,1100,1375,275,1,0,0
1639,"COLOR TUBE 24"" MORNING",BILAL TRADERS LH,162.5,0,0,0,0,90,0,0
1640,"MAIN HOLE COVER (PVC) 15""x15"" GOOD LUCK MASTER",BILAL TRADERS LH,580,19,8740,11020,2280,4,0,0
1641,SINGLE MUSLIM SHOWER TAPSUN (CP),BILAL TRADERS LH,162.5,1,130,162.5,32.5,0,0,0
1642,COMPLETE MUSLIM SHOWER RSS (COLOR),BILAL TRADERS LH,512.5,3,1230,1537.5,307.5,0,0,0
1643,JET SHOWER CHORUS TESLA (COLOR),BILAL TRADERS LH,162.5,4,520,650,130,0,0,0
1644,FLOOR WASTE ICON (STEEL),BILAL TRADERS LH,206.25,49,8085,10106.25,2021.25,51,0,0
1645,COMPLETE BATH SET PROJECT CP,BILAL TRADERS LH,10875,6,52200,65250,13050,0,0,0
1646,VANITY MIXTURE BLACK,BILAL TRADERS LH,3250,2,5200,6500,1300,2,0,0
1647,VANITY MIXTURE CP CHORUS,BILAL TRADERS LH,3250,4,10400,13000,2600,0,0,0
1648,COMPLETE BATH SET MOON CP,BILAL TRADERS LH,6625,5,26500,33125,6625,0,0,0
1649,COMPLETE BATH SET CHORUS CP,BILAL TRADERS LH,6625,8,42400,53000,10600,0,0,0
1650,COMPLETE BATH SET DIAMOND CP,BILAL TRADERS LH,6625,2,10600,13250,2650,3,0,0
1651,COMPLETE BATH SET GROHI CP,BILAL TRADERS LH,6625,2,10600,13250,2650,0,0,0
1652,COMPLETE BATH SET F-6,BILAL TRADERS LH,7000,0,0,0,0,1,0,0
1653,BIB COCK POWER,BILAL TRADERS LH,500,1,400,500,100,0,0,0
1654,SINK MIXTURE POWER,BILAL TRADERS LH,1625,1,1300,1625,325,0,0,0
1655,BASIN MIXTURE UMAR SAGA,BILAL TRADERS LH,1000,1,800,1000,200,0,0,0
1656,VANITY MIXTURE NEW (BLACK),BILAL TRADERS LH,1750,1,1400,1750,350,0,0,0
Total:,Total:,Total:,Total:,"56,676.00","₨ 9,672,801.61","₨ 11,379,281.50","₨ 1,706,479.89","15,796.00",0,0
